{
  "flip_rate": 0.2298373,
  "error_rate": 0.0315598
}